{
    "name": "ElectricPoweredBelts",
    "version": "0.1.2",
    "title": "Electric Powered Belts",
    "author": "CATS",
    "description": "Fork from the PoweredBelts mod made by Romner_set to make it available for factotio 2.0 :\n\"Belts now need power. All of them. Including all the modded ones.\"",
    "contact": "To contact the real author : \"Mod portal or discord Romner#5341\".\n To contact me just make a discussion on the mods website, I will try to look at them at much as I can.",
    "homepage": "",
    "factorio_version": "2.0",
    "dependencies": ["base >= 2.0"]
}